﻿<Entities>
	<ExtensionPackages>
		<ExtensionPackage name="toastr"
						  description="Using a toastr library"
						  vendor="GE Digital"
						  packageVersion="1.0.8"
						  minimumThingWorxVersion="8.0.0">
		</ExtensionPackage>
	</ExtensionPackages>
	<Widgets>
		<Widget name="toastr">
			<UIResources>
				<FileResource type="JS" file="toastr.ide.js" description="" isDevelopment="true" isRuntime="false" />
				<FileResource type="CSS" file="toastr.ide.css" description="" isDevelopment="true" isRuntime="false" />
				<FileResource type="JS" file="toastr.runtime.js" description="" isDevelopment="false" isRuntime="true" />
				<FileResource type="CSS" file="toastr.runtime.css" description="" isDevelopment="false" isRuntime="true" />
				<FileResource type="JS" file="jslibrary/toastr.js" description="" isDevelopment="true" isRuntime="true" />
 			</UIResources>
		</Widget>
	</Widgets>
</Entities>
